,LAB,CON
LAB,0.3005720254508113,0.0
CON,0.304225195405057,0.30524881464699816
