,LAB,CON
LAB,0.29220426743553785,0.0
CON,0.2916694356420586,0.2883885900498032
