,LAB,CON
LAB,0.27613299508637423,0.0
CON,0.2780025042683628,0.27853272526807693
