,LAB,CON
LAB,0.2409427168773589,0.0
CON,0.23465178778442886,0.2251197753274099
