,LAB,CON
LAB,0.2275386268014602,0.0
CON,0.22754221956172616,0.22400374075732532
