,LAB,CON
LAB,0.23497230618397946,0.0
CON,0.22736475048445148,0.21425015241244072
