,LAB,CON
LAB,0.30463292446234236,0.0
CON,0.30611060479947405,0.30470929519500445
