,LAB,CON
LAB,0.29021322283578666,0.0
CON,0.30328182355200517,0.31262254577070125
