,LAB,CON
LAB,0.27203091773806987,0.0
CON,0.2761678611155153,0.27645780280771315
