,LAB,CON
LAB,0.24027237554036496,0.0
CON,0.23008288898826368,0.21424672456681693
