,LAB,CON
LAB,0.24237391896849225,0.0
CON,0.2402311349749131,0.234299191786986
