,LAB,CON
LAB,0.22153777219165582,0.0
CON,0.22005460094804474,0.20913746388877308
