,LAB,CON
LAB,0.29663879839762697,0.0
CON,0.30098196160938373,0.301989927706495
