,LAB,CON
LAB,0.2978198712913168,0.0
CON,0.3110413521578915,0.3140349545061525
