,LAB,CON
LAB,0.25531907279520916,0.0
CON,0.2715073281715261,0.28251813951777316
