,LAB,CON
LAB,0.22902987421264143,0.0
CON,0.23144613137592518,0.22655353308506487
