,LAB,CON
LAB,0.255598423220881,0.0
CON,0.2531415295885282,0.2358799506415047
