,LAB,CON
LAB,0.23394698486129806,0.0
CON,0.22831256434713565,0.21726926275414915
