,LAB,CON
LAB,0.306716169193322,0.0
CON,0.30829878252955034,0.30587484233465756
