,LAB,CON
LAB,0.3206154281304068,0.0
CON,0.3262102914528595,0.3305267701303306
