,LAB,CON
LAB,0.28051162444930733,0.0
CON,0.2878558022852217,0.2906903514681072
