,LAB,CON
LAB,0.21464213012921374,0.0
CON,0.21523356676303318,0.20725943530596214
