,LAB,CON
LAB,0.25233863025153935,0.0
CON,0.24655746993563055,0.229772094256103
