,LAB,CON
LAB,0.22308697447509618,0.0
CON,0.22602915270411195,0.22625923437302298
