,M5S,PD,LN
M5S,0.29722524760748614,0.0,0.0
PD,0.2996057101788153,0.2971215166086597,0.0
LN,0.2974422216698599,0.29401891465042607,0.2901683628584172
