,M5S,PD,LN
M5S,0.24650515722194544,0.0,0.0
PD,0.2504162006241757,0.24883872736840384,0.0
LN,0.22770613261314943,0.22863969309571952,0.1982816427923949
