,M5S,LN,PD
M5S,0.2883561905979456,0.0,0.0
LN,0.28074305930830634,0.0,0.0
PD,0.28327661221753697,0.25316951330210125,0.2887795363404817
