,M5S,PD,LN
M5S,0.2808304531818261,0.0,0.0
PD,0.2995487340311592,0.3065318812631306,0.0
LN,0.2823294406693293,0.29468309196146036,0.27862478617239517
