,LAB,CON
LAB,0.29886020045869255,0.0
CON,0.3040799457434663,0.30771474453977987
