,LAB,CON
LAB,0.31751415927774895,0.0
CON,0.3199063386237838,0.3197194140651187
