,LAB,CON
LAB,0.2869205361256406,0.0
CON,0.28552847403956993,0.28236525733839357
