,LAB,CON
LAB,0.22304097862960948,0.0
CON,0.2201957585334815,0.21099667465299488
