,LAB,CON
LAB,0.2512579623255705,0.0
CON,0.2458340521183423,0.23324907027479547
