,LAB,CON
LAB,0.22276261631549588,0.0
CON,0.22210067047941096,0.21292680283111043
