,LAB,CON
LAB,0.29970587273555294,0.0
CON,0.3082310649332206,0.3133467589709329
