,LAB,CON
LAB,0.287570591935263,0.0
CON,0.2868240716058239,0.2837551323566587
