,LAB,CON
LAB,0.29057240878170953,0.0
CON,0.2870195716662678,0.28223188560436374
