,LAB,CON
LAB,0.22682622660633212,0.0
CON,0.22932113587892844,0.22905822680274945
