,LAB,CON
LAB,0.22215428114287705,0.0
CON,0.22670725414778847,0.22574282779636945
