,LAB,CON
LAB,0.22198972383438875,0.0
CON,0.22208238240764888,0.2166013482732958
