,LAB,CON
LAB,0.2994926057888513,0.0
CON,0.3034917139738825,0.3042802730803169
