,LAB,CON
LAB,0.25903437878505065,0.0
CON,0.27086794055262564,0.27316773392924276
