,LAB,CON
LAB,0.2681083419556488,0.0
CON,0.27200590857324647,0.272881524280984
