,LAB,CON
LAB,0.22962576760707465,0.0
CON,0.2309976998169122,0.21281767413840946
