,LAB,CON
LAB,0.2483184428816234,0.0
CON,0.24194713727198924,0.23021694417389005
