,LAB,CON
LAB,0.24122974733919822,0.0
CON,0.23245806742543162,0.20839563132356975
