,LAB,CON
LAB,0.31130811262098945,0.0
CON,0.31120749692237415,0.30908951771401627
