,LAB,CON
LAB,0.3034343403569114,0.0
CON,0.30871279023112874,0.310797674058484
