,LAB,CON
LAB,0.28658647513745095,0.0
CON,0.28507765371598803,0.2799392676244309
