,LAB,CON
LAB,0.2246844131490472,0.0
CON,0.21578209230875245,0.20084202024982023
