,LAB,CON
LAB,0.23261916768275137,0.0
CON,0.22935847779180707,0.22406815496224886
