,LAB,CON
LAB,0.22772529815874998,0.0
CON,0.2225784567714788,0.2117168651968686
