,M5S,LN,PD
M5S,0.29219914279472825,0.0,0.0
LN,0.30563983510414916,0.3073089984635129,0.0
PD,0.30644679308532874,0.3132814335463392,0.3120866258663312
